	{ 
		
		"thrustmap": [
			
				{
					"density": 2, "friction": 0, "bounce": 0, 
					"filter": { "categoryBits": 1, "maskBits": 65535 },
					"shape": [   0, 640  ,  164, 80  ,  376, 82  ,  532, 160  ,  532, 388  ]
				}  ,
				{
					"density": 2, "friction": 0, "bounce": 0, 
					"filter": { "categoryBits": 1, "maskBits": 65535 },
					"shape": [   868, 36  ,  928, 34  ,  804, 434  ,  676, 372  ,  676, 130  ]
				}  ,
				{
					"density": 2, "friction": 0, "bounce": 0, 
					"filter": { "categoryBits": 1, "maskBits": 65535 },
					"shape": [   164, 80  ,  0, 640  ,  0, 34  ,  72, 34  ]
				}  ,
				{
					"density": 2, "friction": 0, "bounce": 0, 
					"filter": { "categoryBits": 1, "maskBits": 65535 },
					"shape": [   340, 562  ,  0, 640  ,  340, 482  ]
				}  ,
				{
					"density": 2, "friction": 0, "bounce": 0, 
					"filter": { "categoryBits": 1, "maskBits": 65535 },
					"shape": [   436, 608  ,  0, 640  ,  340, 562  ]
				}  ,
				{
					"density": 2, "friction": 0, "bounce": 0, 
					"filter": { "categoryBits": 1, "maskBits": 65535 },
					"shape": [   928, 640  ,  804, 516  ,  804, 434  ,  928, 34  ]
				}  ,
				{
					"density": 2, "friction": 0, "bounce": 0, 
					"filter": { "categoryBits": 1, "maskBits": 65535 },
					"shape": [   928, 640  ,  616, 610  ,  804, 516  ]
				}  ,
				{
					"density": 2, "friction": 0, "bounce": 0, 
					"filter": { "categoryBits": 1, "maskBits": 65535 },
					"shape": [   436, 608  ,  616, 610  ,  928, 640  ,  0, 640  ]
				}  
		]
		
	}