<?xml version="1.0"?>
<font>
  <info face="Nokia Cellphone FC" size="16" bold="0" italic="0" charset="" unicode="1" stretchH="100" smooth="0" aa="1" padding="0,0,0,0" spacing="1,1" outline="0"/>
  <common lineHeight="16" base="13" scaleW="256" scaleH="256" pages="1" packed="0" alphaChnl="0" redChnl="3" greenChnl="3" blueChnl="3"/>
  <pages>
    <page id="0" file="nokia16black.xml_0.png" />
  </pages>
  <chars count="176">
    <char id="32" x="100" y="61" width="3" height="1" xoffset="-1" yoffset="15" xadvance="5" page="0" chnl="15" />
    <char id="33" x="50" y="50" width="3" height="11" xoffset="0" yoffset="2" xadvance="5" page="0" chnl="15" />
    <char id="34" x="75" y="61" width="5" height="3" xoffset="0" yoffset="2" xadvance="6" page="0" chnl="15" />
    <char id="35" x="148" y="12" width="8" height="11" xoffset="0" yoffset="2" xadvance="10" page="0" chnl="15" />
    <char id="36" x="23" y="0" width="8" height="13" xoffset="0" yoffset="2" xadvance="10" page="0" chnl="15" />
    <char id="37" x="66" y="14" width="10" height="11" xoffset="0" yoffset="2" xadvance="11" page="0" chnl="15" />
    <char id="38" x="55" y="14" width="10" height="11" xoffset="0" yoffset="2" xadvance="11" page="0" chnl="15" />
    <char id="39" x="253" y="40" width="2" height="3" xoffset="0" yoffset="2" xadvance="3" page="0" chnl="15" />
    <char id="40" x="94" y="0" width="5" height="13" xoffset="0" yoffset="2" xadvance="6" page="0" chnl="15" />
    <char id="41" x="100" y="0" width="5" height="13" xoffset="0" yoffset="2" xadvance="6" page="0" chnl="15" />
    <char id="42" x="166" y="12" width="8" height="11" xoffset="0" yoffset="2" xadvance="10" page="0" chnl="15" />
    <char id="43" x="189" y="48" width="8" height="8" xoffset="0" yoffset="3" xadvance="10" page="0" chnl="15" />
    <char id="44" x="62" y="62" width="3" height="5" xoffset="0" yoffset="10" xadvance="5" page="0" chnl="15" />
    <char id="45" x="3" y="14" width="7" height="2" xoffset="0" yoffset="6" xadvance="8" page="0" chnl="15" />
    <char id="46" x="81" y="61" width="3" height="3" xoffset="0" yoffset="10" xadvance="5" page="0" chnl="15" />
    <char id="47" x="12" y="53" width="5" height="11" xoffset="0" yoffset="2" xadvance="6" page="0" chnl="15" />
    <char id="48" x="220" y="12" width="8" height="11" xoffset="0" yoffset="2" xadvance="10" page="0" chnl="15" />
    <char id="49" x="250" y="0" width="5" height="11" xoffset="0" yoffset="2" xadvance="6" page="0" chnl="15" />
    <char id="50" x="238" y="12" width="8" height="11" xoffset="0" yoffset="2" xadvance="10" page="0" chnl="15" />
    <char id="51" x="247" y="12" width="8" height="11" xoffset="0" yoffset="2" xadvance="10" page="0" chnl="15" />
    <char id="52" x="0" y="29" width="8" height="11" xoffset="0" yoffset="2" xadvance="10" page="0" chnl="15" />
    <char id="53" x="9" y="29" width="8" height="11" xoffset="0" yoffset="2" xadvance="10" page="0" chnl="15" />
    <char id="54" x="121" y="14" width="8" height="11" xoffset="0" yoffset="2" xadvance="10" page="0" chnl="15" />
    <char id="55" x="27" y="26" width="8" height="11" xoffset="0" yoffset="2" xadvance="10" page="0" chnl="15" />
    <char id="56" x="36" y="26" width="8" height="11" xoffset="0" yoffset="2" xadvance="10" page="0" chnl="15" />
    <char id="57" x="45" y="26" width="8" height="11" xoffset="0" yoffset="2" xadvance="10" page="0" chnl="15" />
    <char id="58" x="252" y="48" width="3" height="8" xoffset="0" yoffset="5" xadvance="5" page="0" chnl="15" />
    <char id="59" x="138" y="49" width="3" height="10" xoffset="0" yoffset="5" xadvance="5" page="0" chnl="15" />
    <char id="60" x="207" y="36" width="7" height="11" xoffset="0" yoffset="2" xadvance="8" page="0" chnl="15" />
    <char id="61" x="48" y="62" width="7" height="5" xoffset="0" yoffset="6" xadvance="8" page="0" chnl="15" />
    <char id="62" x="215" y="36" width="7" height="11" xoffset="0" yoffset="2" xadvance="8" page="0" chnl="15" />
    <char id="63" x="99" y="26" width="8" height="11" xoffset="0" yoffset="2" xadvance="10" page="0" chnl="15" />
    <char id="64" x="126" y="0" width="10" height="12" xoffset="0" yoffset="3" xadvance="11" page="0" chnl="15" />
    <char id="65" x="108" y="26" width="8" height="11" xoffset="0" yoffset="2" xadvance="10" page="0" chnl="15" />
    <char id="66" x="117" y="26" width="8" height="11" xoffset="0" yoffset="2" xadvance="10" page="0" chnl="15" />
    <char id="67" x="126" y="26" width="8" height="11" xoffset="0" yoffset="2" xadvance="10" page="0" chnl="15" />
    <char id="68" x="135" y="25" width="8" height="11" xoffset="0" yoffset="2" xadvance="10" page="0" chnl="15" />
    <char id="69" x="144" y="24" width="8" height="11" xoffset="0" yoffset="2" xadvance="10" page="0" chnl="15" />
    <char id="70" x="153" y="24" width="8" height="11" xoffset="0" yoffset="2" xadvance="10" page="0" chnl="15" />
    <char id="71" x="162" y="24" width="8" height="11" xoffset="0" yoffset="2" xadvance="10" page="0" chnl="15" />
    <char id="72" x="171" y="24" width="8" height="11" xoffset="0" yoffset="2" xadvance="10" page="0" chnl="15" />
    <char id="73" x="62" y="50" width="3" height="11" xoffset="0" yoffset="2" xadvance="5" page="0" chnl="15" />
    <char id="74" x="223" y="36" width="7" height="11" xoffset="0" yoffset="2" xadvance="8" page="0" chnl="15" />
    <char id="75" x="77" y="14" width="10" height="11" xoffset="0" yoffset="2" xadvance="11" page="0" chnl="15" />
    <char id="76" x="239" y="36" width="7" height="11" xoffset="0" yoffset="2" xadvance="8" page="0" chnl="15" />
    <char id="77" x="137" y="0" width="11" height="11" xoffset="0" yoffset="2" xadvance="13" page="0" chnl="15" />
    <char id="78" x="33" y="14" width="10" height="11" xoffset="0" yoffset="2" xadvance="11" page="0" chnl="15" />
    <char id="79" x="11" y="14" width="10" height="11" xoffset="0" yoffset="2" xadvance="11" page="0" chnl="15" />
    <char id="80" x="207" y="24" width="8" height="11" xoffset="0" yoffset="2" xadvance="10" page="0" chnl="15" />
    <char id="81" x="3" y="0" width="10" height="13" xoffset="0" yoffset="2" xadvance="11" page="0" chnl="15" />
    <char id="82" x="216" y="24" width="8" height="11" xoffset="0" yoffset="2" xadvance="10" page="0" chnl="15" />
    <char id="83" x="231" y="36" width="7" height="11" xoffset="0" yoffset="2" xadvance="8" page="0" chnl="15" />
    <char id="84" x="195" y="0" width="10" height="11" xoffset="0" yoffset="2" xadvance="11" page="0" chnl="15" />
    <char id="85" x="234" y="24" width="8" height="11" xoffset="0" yoffset="2" xadvance="10" page="0" chnl="15" />
    <char id="86" x="184" y="0" width="10" height="11" xoffset="0" yoffset="2" xadvance="11" page="0" chnl="15" />
    <char id="87" x="149" y="0" width="11" height="11" xoffset="0" yoffset="2" xadvance="13" page="0" chnl="15" />
    <char id="88" x="22" y="14" width="10" height="11" xoffset="0" yoffset="2" xadvance="11" page="0" chnl="15" />
    <char id="89" x="173" y="0" width="10" height="11" xoffset="0" yoffset="2" xadvance="11" page="0" chnl="15" />
    <char id="90" x="243" y="24" width="8" height="11" xoffset="0" yoffset="2" xadvance="10" page="0" chnl="15" />
    <char id="91" x="112" y="0" width="5" height="13" xoffset="0" yoffset="2" xadvance="6" page="0" chnl="15" />
    <char id="92" x="24" y="50" width="5" height="11" xoffset="0" yoffset="2" xadvance="6" page="0" chnl="15" />
    <char id="93" x="106" y="0" width="5" height="13" xoffset="0" yoffset="2" xadvance="6" page="0" chnl="15" />
    <char id="94" x="56" y="62" width="5" height="5" xoffset="0" yoffset="2" xadvance="6" page="0" chnl="15" />
    <char id="95" x="89" y="61" width="10" height="2" xoffset="0" yoffset="11" xadvance="10" page="0" chnl="15" />
    <char id="96" x="85" y="61" width="3" height="3" xoffset="0" yoffset="2" xadvance="5" page="0" chnl="15" />
    <char id="97" x="9" y="65" width="8" height="8" xoffset="0" yoffset="5" xadvance="10" page="0" chnl="15" />
    <char id="98" x="18" y="26" width="8" height="11" xoffset="0" yoffset="2" xadvance="10" page="0" chnl="15" />
    <char id="99" x="34" y="62" width="7" height="8" xoffset="0" yoffset="5" xadvance="8" page="0" chnl="15" />
    <char id="100" x="18" y="38" width="8" height="11" xoffset="0" yoffset="2" xadvance="10" page="0" chnl="15" />
    <char id="101" x="0" y="65" width="8" height="8" xoffset="0" yoffset="5" xadvance="10" page="0" chnl="15" />
    <char id="102" x="247" y="36" width="5" height="11" xoffset="0" yoffset="2" xadvance="6" page="0" chnl="15" />
    <char id="103" x="121" y="50" width="8" height="10" xoffset="0" yoffset="5" xadvance="10" page="0" chnl="15" />
    <char id="104" x="27" y="38" width="8" height="11" xoffset="0" yoffset="2" xadvance="10" page="0" chnl="15" />
    <char id="105" x="70" y="50" width="3" height="11" xoffset="0" yoffset="2" xadvance="5" page="0" chnl="15" />
    <char id="106" x="76" y="0" width="5" height="13" xoffset="0" yoffset="2" xadvance="6" page="0" chnl="15" />
    <char id="107" x="36" y="38" width="8" height="11" xoffset="0" yoffset="2" xadvance="10" page="0" chnl="15" />
    <char id="108" x="66" y="50" width="3" height="11" xoffset="0" yoffset="2" xadvance="5" page="0" chnl="15" />
    <char id="109" x="142" y="49" width="13" height="8" xoffset="0" yoffset="5" xadvance="14" page="0" chnl="15" />
    <char id="110" x="198" y="48" width="8" height="8" xoffset="0" yoffset="5" xadvance="10" page="0" chnl="15" />
    <char id="111" x="207" y="48" width="8" height="8" xoffset="0" yoffset="5" xadvance="10" page="0" chnl="15" />
    <char id="112" x="112" y="50" width="8" height="10" xoffset="0" yoffset="5" xadvance="10" page="0" chnl="15" />
    <char id="113" x="85" y="50" width="8" height="10" xoffset="0" yoffset="5" xadvance="10" page="0" chnl="15" />
    <char id="114" x="26" y="62" width="7" height="8" xoffset="0" yoffset="5" xadvance="8" page="0" chnl="15" />
    <char id="115" x="18" y="62" width="7" height="8" xoffset="0" yoffset="5" xadvance="8" page="0" chnl="15" />
    <char id="116" x="18" y="50" width="5" height="11" xoffset="0" yoffset="2" xadvance="6" page="0" chnl="15" />
    <char id="117" x="225" y="48" width="8" height="8" xoffset="0" yoffset="5" xadvance="10" page="0" chnl="15" />
    <char id="118" x="234" y="48" width="8" height="8" xoffset="0" yoffset="5" xadvance="10" page="0" chnl="15" />
    <char id="119" x="168" y="48" width="11" height="8" xoffset="0" yoffset="5" xadvance="13" page="0" chnl="15" />
    <char id="120" x="216" y="48" width="8" height="8" xoffset="0" yoffset="5" xadvance="10" page="0" chnl="15" />
    <char id="121" x="94" y="50" width="8" height="10" xoffset="0" yoffset="5" xadvance="10" page="0" chnl="15" />
    <char id="122" x="243" y="48" width="8" height="8" xoffset="0" yoffset="5" xadvance="10" page="0" chnl="15" />
    <char id="123" x="82" y="0" width="5" height="13" xoffset="0" yoffset="2" xadvance="6" page="0" chnl="15" />
    <char id="124" x="118" y="0" width="3" height="13" xoffset="0" yoffset="2" xadvance="5" page="0" chnl="15" />
    <char id="125" x="88" y="0" width="5" height="13" xoffset="0" yoffset="2" xadvance="6" page="0" chnl="15" />
    <char id="126" x="66" y="62" width="8" height="3" xoffset="0" yoffset="2" xadvance="10" page="0" chnl="15" />
    <char id="160" x="11" y="26" width="3" height="1" xoffset="-1" yoffset="15" xadvance="5" page="0" chnl="15" />
    <char id="161" x="54" y="50" width="3" height="11" xoffset="0" yoffset="2" xadvance="5" page="0" chnl="15" />
    <char id="163" x="54" y="38" width="8" height="11" xoffset="0" yoffset="2" xadvance="10" page="0" chnl="15" />
    <char id="164" x="103" y="50" width="8" height="10" xoffset="0" yoffset="3" xadvance="10" page="0" chnl="15" />
    <char id="165" x="228" y="0" width="10" height="11" xoffset="0" yoffset="2" xadvance="11" page="0" chnl="15" />
    <char id="166" x="122" y="0" width="3" height="13" xoffset="0" yoffset="2" xadvance="5" page="0" chnl="15" />
    <char id="167" x="68" y="0" width="7" height="13" xoffset="0" yoffset="2" xadvance="8" page="0" chnl="15" />
    <char id="186" x="42" y="62" width="5" height="8" xoffset="0" yoffset="2" xadvance="6" page="0" chnl="15" />
    <char id="191" x="63" y="38" width="8" height="11" xoffset="0" yoffset="2" xadvance="10" page="0" chnl="15" />
    <char id="192" x="72" y="38" width="8" height="11" xoffset="0" yoffset="2" xadvance="10" page="0" chnl="15" />
    <char id="193" x="81" y="38" width="8" height="11" xoffset="0" yoffset="2" xadvance="10" page="0" chnl="15" />
    <char id="194" x="90" y="38" width="8" height="11" xoffset="0" yoffset="2" xadvance="10" page="0" chnl="15" />
    <char id="195" x="99" y="38" width="8" height="11" xoffset="0" yoffset="2" xadvance="10" page="0" chnl="15" />
    <char id="196" x="108" y="38" width="8" height="11" xoffset="0" yoffset="2" xadvance="10" page="0" chnl="15" />
    <char id="197" x="117" y="38" width="8" height="11" xoffset="0" yoffset="2" xadvance="10" page="0" chnl="15" />
    <char id="198" x="161" y="0" width="11" height="11" xoffset="0" yoffset="2" xadvance="13" page="0" chnl="15" />
    <char id="199" x="59" y="0" width="8" height="13" xoffset="0" yoffset="2" xadvance="10" page="0" chnl="15" />
    <char id="200" x="126" y="38" width="8" height="11" xoffset="0" yoffset="2" xadvance="10" page="0" chnl="15" />
    <char id="201" x="135" y="37" width="8" height="11" xoffset="0" yoffset="2" xadvance="10" page="0" chnl="15" />
    <char id="202" x="144" y="36" width="8" height="11" xoffset="0" yoffset="2" xadvance="10" page="0" chnl="15" />
    <char id="203" x="153" y="36" width="8" height="11" xoffset="0" yoffset="2" xadvance="10" page="0" chnl="15" />
    <char id="204" x="46" y="50" width="3" height="11" xoffset="0" yoffset="2" xadvance="5" page="0" chnl="15" />
    <char id="205" x="252" y="24" width="3" height="11" xoffset="0" yoffset="2" xadvance="5" page="0" chnl="15" />
    <char id="206" x="36" y="50" width="5" height="11" xoffset="0" yoffset="2" xadvance="6" page="0" chnl="15" />
    <char id="207" x="30" y="50" width="5" height="11" xoffset="0" yoffset="2" xadvance="6" page="0" chnl="15" />
    <char id="209" x="162" y="36" width="8" height="11" xoffset="0" yoffset="2" xadvance="10" page="0" chnl="15" />
    <char id="210" x="206" y="0" width="10" height="11" xoffset="0" yoffset="2" xadvance="11" page="0" chnl="15" />
    <char id="211" x="217" y="0" width="10" height="11" xoffset="0" yoffset="2" xadvance="11" page="0" chnl="15" />
    <char id="212" x="0" y="17" width="10" height="11" xoffset="0" yoffset="2" xadvance="11" page="0" chnl="15" />
    <char id="213" x="44" y="14" width="10" height="11" xoffset="0" yoffset="2" xadvance="11" page="0" chnl="15" />
    <char id="214" x="99" y="14" width="10" height="11" xoffset="0" yoffset="2" xadvance="11" page="0" chnl="15" />
    <char id="216" x="110" y="14" width="10" height="11" xoffset="0" yoffset="2" xadvance="11" page="0" chnl="15" />
    <char id="217" x="171" y="36" width="8" height="11" xoffset="0" yoffset="2" xadvance="10" page="0" chnl="15" />
    <char id="218" x="180" y="36" width="8" height="11" xoffset="0" yoffset="2" xadvance="10" page="0" chnl="15" />
    <char id="219" x="189" y="36" width="8" height="11" xoffset="0" yoffset="2" xadvance="10" page="0" chnl="15" />
    <char id="220" x="198" y="36" width="8" height="11" xoffset="0" yoffset="2" xadvance="10" page="0" chnl="15" />
    <char id="221" x="88" y="14" width="10" height="11" xoffset="0" yoffset="2" xadvance="11" page="0" chnl="15" />
    <char id="223" x="14" y="0" width="8" height="13" xoffset="0" yoffset="2" xadvance="10" page="0" chnl="15" />
    <char id="224" x="130" y="13" width="8" height="11" xoffset="0" yoffset="2" xadvance="10" page="0" chnl="15" />
    <char id="225" x="139" y="12" width="8" height="11" xoffset="0" yoffset="2" xadvance="10" page="0" chnl="15" />
    <char id="226" x="157" y="12" width="8" height="11" xoffset="0" yoffset="2" xadvance="10" page="0" chnl="15" />
    <char id="227" x="175" y="12" width="8" height="11" xoffset="0" yoffset="2" xadvance="10" page="0" chnl="15" />
    <char id="228" x="184" y="12" width="8" height="11" xoffset="0" yoffset="2" xadvance="10" page="0" chnl="15" />
    <char id="229" x="193" y="12" width="8" height="11" xoffset="0" yoffset="2" xadvance="10" page="0" chnl="15" />
    <char id="230" x="156" y="48" width="11" height="8" xoffset="0" yoffset="5" xadvance="13" page="0" chnl="15" />
    <char id="231" x="130" y="50" width="7" height="10" xoffset="0" yoffset="5" xadvance="8" page="0" chnl="15" />
    <char id="232" x="202" y="12" width="8" height="11" xoffset="0" yoffset="2" xadvance="10" page="0" chnl="15" />
    <char id="233" x="211" y="12" width="8" height="11" xoffset="0" yoffset="2" xadvance="10" page="0" chnl="15" />
    <char id="234" x="229" y="12" width="8" height="11" xoffset="0" yoffset="2" xadvance="10" page="0" chnl="15" />
    <char id="235" x="54" y="26" width="8" height="11" xoffset="0" yoffset="2" xadvance="10" page="0" chnl="15" />
    <char id="236" x="42" y="50" width="3" height="11" xoffset="0" yoffset="2" xadvance="5" page="0" chnl="15" />
    <char id="237" x="58" y="50" width="3" height="11" xoffset="0" yoffset="2" xadvance="5" page="0" chnl="15" />
    <char id="238" x="6" y="53" width="5" height="11" xoffset="0" yoffset="2" xadvance="6" page="0" chnl="15" />
    <char id="239" x="0" y="53" width="5" height="11" xoffset="0" yoffset="2" xadvance="6" page="0" chnl="15" />
    <char id="241" x="63" y="26" width="8" height="11" xoffset="0" yoffset="2" xadvance="10" page="0" chnl="15" />
    <char id="242" x="72" y="26" width="8" height="11" xoffset="0" yoffset="2" xadvance="10" page="0" chnl="15" />
    <char id="243" x="81" y="26" width="8" height="11" xoffset="0" yoffset="2" xadvance="10" page="0" chnl="15" />
    <char id="244" x="90" y="26" width="8" height="11" xoffset="0" yoffset="2" xadvance="10" page="0" chnl="15" />
    <char id="245" x="45" y="38" width="8" height="11" xoffset="0" yoffset="2" xadvance="10" page="0" chnl="15" />
    <char id="246" x="180" y="24" width="8" height="11" xoffset="0" yoffset="2" xadvance="10" page="0" chnl="15" />
    <char id="248" x="180" y="48" width="8" height="8" xoffset="0" yoffset="5" xadvance="10" page="0" chnl="15" />
    <char id="249" x="189" y="24" width="8" height="11" xoffset="0" yoffset="2" xadvance="10" page="0" chnl="15" />
    <char id="250" x="198" y="24" width="8" height="11" xoffset="0" yoffset="2" xadvance="10" page="0" chnl="15" />
    <char id="251" x="225" y="24" width="8" height="11" xoffset="0" yoffset="2" xadvance="10" page="0" chnl="15" />
    <char id="252" x="0" y="41" width="8" height="11" xoffset="0" yoffset="2" xadvance="10" page="0" chnl="15" />
    <char id="253" x="32" y="0" width="8" height="13" xoffset="0" yoffset="2" xadvance="10" page="0" chnl="15" />
    <char id="255" x="41" y="0" width="8" height="13" xoffset="0" yoffset="2" xadvance="10" page="0" chnl="15" />
    <char id="286" x="9" y="41" width="8" height="11" xoffset="0" yoffset="2" xadvance="10" page="0" chnl="15" />
    <char id="287" x="50" y="0" width="8" height="13" xoffset="0" yoffset="2" xadvance="10" page="0" chnl="15" />
    <char id="353" x="0" y="0" width="2" height="16" xoffset="0" yoffset="0" xadvance="6" page="0" chnl="15" />
    <char id="376" x="239" y="0" width="10" height="11" xoffset="0" yoffset="2" xadvance="11" page="0" chnl="15" />
    <char id="8217" x="253" y="36" width="2" height="3" xoffset="0" yoffset="2" xadvance="3" page="0" chnl="15" />
    <char id="8364" x="74" y="50" width="10" height="10" xoffset="0" yoffset="3" xadvance="11" page="0" chnl="15" />
    <char id="119155" x="104" y="61" width="3" height="1" xoffset="-1" yoffset="15" xadvance="5" page="0" chnl="15" />
    <char id="119156" x="108" y="61" width="3" height="1" xoffset="-1" yoffset="15" xadvance="5" page="0" chnl="15" />
    <char id="119157" x="112" y="61" width="3" height="1" xoffset="-1" yoffset="15" xadvance="5" page="0" chnl="15" />
    <char id="119158" x="116" y="61" width="3" height="1" xoffset="-1" yoffset="15" xadvance="5" page="0" chnl="15" />
    <char id="119159" x="120" y="61" width="3" height="1" xoffset="-1" yoffset="15" xadvance="5" page="0" chnl="15" />
    <char id="119160" x="124" y="61" width="3" height="1" xoffset="-1" yoffset="15" xadvance="5" page="0" chnl="15" />
    <char id="119161" x="128" y="61" width="3" height="1" xoffset="-1" yoffset="15" xadvance="5" page="0" chnl="15" />
    <char id="119162" x="132" y="61" width="3" height="1" xoffset="-1" yoffset="15" xadvance="5" page="0" chnl="15" />
  </chars>
</font>
