{
	"@metadata": {
		"authors": [
			"Vishwanatha Badikana",
			"Bharathesha Alasandemajalu"
		]
	},
	"VARIABLES_DEFAULT_NAME": "ವಸ್ತು",
	"TODAY": "ಇನಿ",
	"DUPLICATE_BLOCK": "ನಕಲ್",
	"ADD_COMMENT": "ಟಿಪ್ಪಣಿ ಸೇರ್ಸಲೆ",
	"REMOVE_COMMENT": "ಟಿಪ್ಪಣಿನ್ ದೆತ್ತ್‌ಪಾಡ್ಲೆ",
	"EXTERNAL_INPUTS": "ಬಾಹ್ಯೊ ಪರಿಕರೊ",
	"INLINE_INPUTS": "ಉಳಸಾಲ್‍ದ ಉಳಪರಿಪು",
	"DELETE_BLOCK": "ಮಾಜಯರ ತಡೆಯಾತ್ಂಡ್",
	"DELETE_X_BLOCKS": "ಮಾಜಯರ ಶೇಕಡಾ ೧ ತಡೆಯಾತ್ಂಡ್",
	"COLLAPSE_BLOCK": "ಕುಗ್ಗಿಸಾದ್ ತಡೆಪತ್ತುನೆ",
	"COLLAPSE_ALL": "ಕುಗ್ಗಿಸಾದ್ ನಿರ್ಬಂಧಿಸಾಪುನೆ",
	"EXPAND_BLOCK": "ವಿಸ್ತರಿಸಾದ್ ತಡೆಪತ್ತುನೆ",
	"EXPAND_ALL": "ವಿಸ್ತರಿಸಾದ್ ನಿರ್ಬಂದಿಸಾಪುನೆ",
	"DISABLE_BLOCK": "ನಿಷ್ಕ್ರಿಯಗೊಳಿಸಾದ್ ತಡೆಪತ್ತುನೆ",
	"ENABLE_BLOCK": "ಸಕ್ರಿಯಗೊಳಿಸಾದ್ ತಡೆಪತ್ತುನೆ",
	"HELP": "ಸಹಾಯೊ",
	"CHAT": "ನಿಕ್ಲೆನ ಸಹಬೋಗಿನೊಟ್ಟುಗೆ ಈ ಪೆಟ್ಟಿಗೆಡ್ ಚಾಟಿಂಗ್‍ ನಮೂದು ಮಲ್ಪುಲೆ",
	"AUTH": "ಈರೆನ ಕೆಲಸೊನು ಒರಿಪಾಯರೆ ಬುಕ್ಕೊ ಈರೆನಟ್ಟುಗು ಪಟ್ಟೊನುಯರೆ ಅವಕಾಸೊ.",
	"ME": "ಯಾನ್",
	"CHANGE_VALUE_TITLE": "ಮೌಲ್ಯೊದ ಬದಲಾವಣೆ",
	"NEW_VARIABLE": "ಪೊಸ ಬದಲಾವಣೆ",
	"NEW_VARIABLE_TITLE": "ಪುದರ್‍ದ ಪೊಸ ಬದಲಾವಣೆ:",
	"RENAME_VARIABLE": "ಬದಲಾವಣೆ ಆಯಿನ ಪುದರ್‍ನ್ ನಾನೊರೊ ಪನ್ಲೆ",
	"RENAME_VARIABLE_TITLE": "ನಾನೊರೊ ಪುದರ್ ಬದಲಾವಣೆ ಆಯಿನ ಮಾಂತ '% 1':",
	"COLOUR_PICKER_HELPURL": "https://en.wikipedia.org/wiki/ಬಣ್ಣೊ",
	"COLOUR_PICKER_TOOLTIP": "\nವರ್ಣಫಲಕೊದ ಒಂಜಿ ಬಣ್ಣೊದ ಆಯ್ಕೆ.",
	"COLOUR_RANDOM_TITLE": "ಯಾದೃಚ್ಛಿಕೊ ಬಣ್ಣೊ",
	"COLOUR_RANDOM_TOOLTIP": "ಯಾದೃಚ್ಛಿಕವಾಯಿನ ಬಣ್ಣೊದ ಆಯ್ಕೆ.",
	"COLOUR_RGB_TITLE": "ಬಣ್ಣೊದೊಟ್ಟುಗೆ",
	"COLOUR_RGB_RED": "ಕೆಂಪು ಬಣ್ಣೊ",
	"COLOUR_RGB_GREEN": "ಪಚ್ಚೆ",
	"COLOUR_RGB_BLUE": "ನೀಲಿ",
	"COLOUR_RGB_TOOLTIP": "ತೋಜಿಪಾಯಿನ ಕೆಂಪು, ಪಚ್ಚೆ ಬುಕ್ಕೊ ನೀಲಿ ಬಣ್ಣೊದ ಪ್ರಮಾಣೊನು ರಚಿಸಲೆ.  ಮಾಂತ ಮೌಲ್ಯೊಲು 0 ಬುಕ್ಕೊ 100 ನಡುಟೆ ಇಪ್ಪೊಡು.",
	"COLOUR_BLEND_TITLE": "ಮಿಸ್ರನೊ",
	"COLOUR_BLEND_COLOUR1": "ಬಣ್ಣೊ ೧(ಒಂಜಿ)",
	"COLOUR_BLEND_COLOUR2": "ಬಣ್ಣೊ ೨(ರಡ್ಡ್)",
	"COLOUR_BLEND_RATIO": "ಅನುಪಾತೊ",
	"COLOUR_BLEND_TOOLTIP": "ಕೊರ್‍ನ ಅನುಪಾತೊದ ಒಟ್ಟುಗೆ (0.0- 1.0 ) ರಡ್ಡ್ ಬಣ್ಣೊಲೆನ್ ಜೊತೆಟ್ ಒಂಜಿ ಮಲ್ಪುಂಡು.",
	"CONTROLS_REPEAT_HELPURL": "https://en.wikipedia.org/wiki/For_loop",
	"CONTROLS_REPEAT_TITLE": "ನಾನೊರೊ %1 ಸಮಯೊಗು",
	"CONTROLS_REPEAT_INPUT_DO": "ಮಲ್ಪು / ಅಂಚನೆ",
	"CONTROLS_REPEAT_TOOLTIP": "ಕೆಲವು ಹೇಳಿಕೆಲೆನ್ ಮಸ್ತ್ ಸಮಯೊ ಮಲ್ಪೊಡು",
	"CONTROLS_WHILEUNTIL_OPERATOR_WHILE": "ಬುಕ್ಕೊ ಅಂಚನೇ",
	"CONTROLS_WHILEUNTIL_OPERATOR_UNTIL": "ಬುಕ್ಕೊ ಮುಟ್ಟೊ",
	"CONTROLS_WHILEUNTIL_TOOLTIP_WHILE": "ಈ ತಿರ್ತ್‌ದ ಸರಿ ಇತ್ತ್ಂಡಲಾ, ಬುಕ್ಕೊದ ಕೆಲವು ಹೇಳಿಕೆಲೆನ್ ಮಲ್ಪುಲ",
	"CONTROLS_WHILEUNTIL_TOOLTIP_UNTIL": "ಈ ತಿರ್ತ್‍ದ ತಪ್ಪಾದುಂಡು, ಬುಕ್ಕೊದ ಕೆಲವು ಹೇಳಿಕೆಲೆನ್ ಮಲ್ಪಪುಲ",
	"CONTROLS_FOR_TOOLTIP": "ಸುರೂತ ನಂಬ್ರೊಡ್ದು ಅಕೇರಿದ ನಂಬ್ರೊಗು ಬಿಲೆಟ್ ಮಸ್ತ್ ಹೆಚ್ಚ್‌ಕಮ್ಮಿ ಇತ್ತ್ಂಡಲಾ %1 ದೆತೊಂದ್, ನಿರ್ದಿಸ್ಟೊ ಮಧ್ಯಂತರೊದ ಮೂಲಕೊ ಲೆಕ್ಕೊದೆತೊಂದು ಬುಕ್ಕೊ ನಿಗಂಟ್ ಮಲ್ತ್‌ನ ಬ್ಲಾಕ್‍ಲೆನ್ ಲೆಕ್ಕೊ ಮಲ್ಪುಲ.",
	"CONTROLS_FOREACH_TOOLTIP": "ಒಂಜಿ ಪಟ್ಟಿಡ್ ಪ್ರತಿ ವಸ್ತುಗು, ಜೋಡಾಯಿನ ವಸ್ತು ಬದಲಾಪುನಂಚ '% 1', ಬುಕ್ಕೊ ಒಂತೆ ಹೇಳಿಕೆಲೆನ್ ಮಲ್ಲಪುಲೆ.",
	"CONTROLS_FLOW_STATEMENTS_OPERATOR_BREAK": "ಕುಣಿಕೆದ ಪಿದಯಿ ತುಂಡಾಪುಂಡು",
	"CONTROLS_FLOW_STATEMENTS_OPERATOR_CONTINUE": "ದುಂಬುದ ಆದೇಸೊಡೆ ಪುನರಾವರ್ತನೆ ದುಂಬರಿಪ್ಪುಂಡು",
	"CONTROLS_FLOW_STATEMENTS_TOOLTIP_BREAK": "ಬಳಕೆಡುಪ್ಪುನ ಕೊಲಿಕೆಡ್ದ್ ಪಿದಯಿ ಪಾಡ್‍ಲೆ",
	"CONTROLS_FLOW_STATEMENTS_TOOLTIP_CONTINUE": "ದುಂಬುದ ಆವೃತಿಡ್ ಉಪ್ಪುನಂಚನೆ ಮಾಂತ ಕೊಲಿಕೆಲೆನ್ ದೆತ್ಪುಲೆ ಬುಕ್ಕೊ ದುಂಬರಿಲೆ",
	"CONTROLS_FLOW_STATEMENTS_WARNING": "ಎಚ್ಚರೊ: ಈ ನಿರ್ಬಂದೊನು ಕೇವಲ ಒಂಜಿ ಕೊಲಿಕೆದಾಕಾರೊದ ಮುಕ್ತಮಾರ್ಗೊದ ಪರಿಮಿತಿದುಲಯಿಡ್ ಬಳಸೊಲಿ",
	"CONTROLS_IF_TOOLTIP_1": "ಇಂದೆತ ಮೌಲ್ಯೊ ನಿಜವಾದಿತ್ತ್‌ಂಡ, ಬುಕ್ಕೊ ಒಂತೆ ನಿರೂಪಣೆಲೆನ್ ಮಲ್ಪುಲೆ",
	"CONTROLS_IF_TOOLTIP_2": "ಇಂದೆತ ಮೌಲ್ಯೊ ನಿಜವಾದಿತ್ತ್‌ಂಡ, ಬುಕ್ಕೊದ ನಿರೂಪಣೆಲೆನ್ ಸುರೂಕು ಮಲ್ಪುಲೆ.  ಅತ್ತಂಡ ರಡ್ಡನೆದ ನಿರೂಪಣೆನ್ ತಡೆ ಪತ್ತುನಂಚನೆ ಮಲ್ಲಪುಲೆ",
	"CONTROLS_IF_TOOLTIP_3": "ಸುರೂತ ಮೌಲ್ಯೊ ನಿಜವಾದಿತ್ತ್‌ಂಡ, ಬುಕ್ಕೊದ ನಿರೂಪಣೆಲೆನ್ ಸುರೂಕು ತಡೆ ಮಲ್ಪುಲೆ.  ಅತ್ತಂಡ ರಡ್ಡನೆದ ನಿರೂಪಣೆನ್ ನಿಜವಾದಿತ್ತ್‌ಂಡ ಬುಕ್ಕೊ ಒಂತೆ ನಿರೂಪಣೆಲೆನ್ ಮಲ್ಪುಲೆ",
	"CONTROLS_IF_TOOLTIP_4": "ಸುರೂತ ಮೌಲ್ಯೊ ನಿಜವಾದಿತ್ತ್‌ಂಡ, ಸುರೂತ ನಿರೂಪಣೆನ್ ತಡೆ ಮಲ್ಪುಲೆ.  ರಡ್ಡನೆದ ನಿರೂಪಣೆ ನಿಜವಾದಿತ್ತ್ಂಡ, ರಡ್ಡನೆದ ನಿರೂಪಣೆನ್ ತಡೆ ಮಲ್ಪುಲೆ.  ಉಂದು ಒವ್ವೇ ಮೌಲ್ಯೊ ನಿಜವಾದಿದ್ಯಂಡ, ಅಕೇರಿದ ನಿರೂಪಣೆನ್ ತಡೆ ಮಲ್ಪುಲೆ.",
	"CONTROLS_IF_MSG_IF": "ಒಂಜಿ ವೇಲೆ",
	"CONTROLS_IF_MSG_ELSEIF": "ಬೇತೆ ಸಮಯೊ",
	"CONTROLS_IF_MSG_ELSE": "ಬೇತೆ",
	"CONTROLS_IF_IF_TOOLTIP": "ಸೇರಲ, ದೆತ್ತ್‌ ಪಾಡ್‌ಲ, ಅತ್ತಂಡ ಒಂಜಿ ವೇಲೆ ಈ ರಚನೆನ್ ತಡೆದ್, ಇಂದೆತ ಇಬಾಗೊಲೆನ್ ಬೇತೆ ಕ್ರಮೊಟು ಮಲ್ಪುಲೆ",
	"CONTROLS_IF_ELSEIF_TOOLTIP": "ಒಂಜಿ ವೇಲೆ ಒಂಜಿ ತಡೆಕ್ ಈ ಪರಿಸ್ಥಿತಿನ್ ಸೇರಲೆ",
	"CONTROLS_IF_ELSE_TOOLTIP": "ಒಂಜಿ ವೇಲೆ ಮಾಂತೆನ್ಲಾ ದೀಡೊಂದು ಅಕೇರಿದ ಪರಿಸ್ಥಿಡ್ ಸೇರಲೆ",
	"LOGIC_OPERATION_AND": "ಬುಕ್ಕೊ",
	"LOGIC_OPERATION_OR": "ಅತ್ತಂಡ",
	"LOGIC_BOOLEAN_TRUE": "ಸತ್ಯೊ",
	"LOGIC_BOOLEAN_FALSE": "ಸುಲ್ಲು",
	"LOGIC_NULL": "ಸೊನ್ನೆ",
	"LOGIC_NULL_TOOLTIP": "ಸೊನ್ನೆನ್ ಪರಿಕೊರ್ಪುಂಡು",
	"LOGIC_TERNARY_CONDITION": "ಪರೀಕ್ಷೆ",
	"LOGIC_TERNARY_IF_TRUE": "ಒಂಜಿ ವೇಲೆ ಸತ್ಯೊ",
	"LOGIC_TERNARY_IF_FALSE": "ಒಂಜಿ ವೇಲೆ ಸುಳ್ಳು",
	"MATH_NUMBER_TOOLTIP": "ಅ ನಂಬ್ರೊ",
	"MATH_SINGLE_OP_ROOT": "ವರ್ಗಮೂಲೊ",
	"MATH_SINGLE_OP_ABSOLUTE": "ಸಂಪೂರ್ನೊ",
	"MATH_IS_EVEN": "ಸಮೊ ಆತ್ಂಡ್",
	"MATH_IS_ODD": "ಬೆಸೊ ಆತ್ಂಡ್",
	"MATH_IS_PRIME": "ಎಡ್ಡೆ ಆತ್ಂಡ್",
	"MATH_IS_WHOLE": "ಮಾಂತ ಆತ್ಂಡ್",
	"MATH_IS_POSITIVE": "ಗುನೊ ಆತ್ಂಡ್",
	"MATH_IS_NEGATIVE": "ರುನೊ ಆತ್ಂಡ್",
	"MATH_ROUND_OPERATOR_ROUND": "ಸುತ್ತು",
	"MATH_ROUND_OPERATOR_ROUNDUP": "ಮುಗಿಪುನ ಸಮಯೊ",
	"MATH_ROUND_OPERATOR_ROUNDDOWN": "ಸುತ್ತು ಕಡಮೆ",
	"MATH_ONLIST_OPERATOR_SUM": "ಒಟ್ಟು ಕೂಡಯಿನಾ ಪಟ್ಟಿ",
	"MATH_ONLIST_TOOLTIP_SUM": "ಪಟ್ಟಿದಾ ಮಾಂತ ಸಂಕ್ಯೆಲೆನ್ ಪಿರಕೊರ್ಲೆ",
	"MATH_ONLIST_OPERATOR_MIN": "ಕಿನ್ಯ ಪಟ್ಟಿ",
	"MATH_ONLIST_OPERATOR_AVERAGE": "ಸರಾಸರಿ ಪಟ್ಟಿ",
	"MATH_ONLIST_TOOLTIP_AVERAGE": "ಪಟ್ಟಿಡುಪ್ಪುನ ಸರ್ವಸಾಧಾರಣ ಬಿಲೆನ್ ಪಿರಕೋರ್ಲೆ",
	"MATH_ONLIST_OPERATOR_MODE": "ಪಟ್ಟಿದ ಇದಾನೊಲು",
	"MATH_ONLIST_OPERATOR_STD_DEV": "ಕಬರ್ ಪಟ್ಟಿದ ಪ್ರಮಾನೊ",
	"MATH_ONLIST_OPERATOR_RANDOM": "ಗೊತ್ತುಗುರಿ ದಾಂತಿನ ಅಂಸೊದ ಪಟ್ಟಿ",
	"MATH_RANDOM_FLOAT_TITLE_RANDOM": "ಗೊತ್ತುಗುರಿ ದಾಂತಿನ ಬಾಗೊ",
	"TEXT_JOIN_TITLE_CREATEWITH": "ಪಟ್ಯೊನು ರಚನೆ ಮಲ್ಪು",
	"TEXT_CREATE_JOIN_TITLE_JOIN": "ಸೇರೊಲಿ",
	"TEXT_CREATE_JOIN_ITEM_TOOLTIP": "ಪಟ್ಯೊಡು ಅಂಸೊಲೆನ್ ಸೇರಲೆ",
	"TEXT_APPEND_TO": "ಇಂದೆಕ್",
	"TEXT_APPEND_APPENDTEXT": "ಪಟ್ಯೊನು ಸೇರವೆ",
	"TEXT_LENGTH_TITLE": "೧% ಉದ್ದೊ",
	"TEXT_ISEMPTY_TITLE": "%1 ಕಾಲಿ",
	"TEXT_INDEXOF_INPUT_INTEXT": "ಪಟ್ಯೊಡು",
	"TEXT_INDEXOF_OPERATOR_LAST": "ದುಂಬು ಕರಿನ ಪಟ್ಯೊನು ನಾಡ್‍ಲೆ",
	"TEXT_CHARAT_INPUT_INTEXT": "ಪಟ್ಯೊಡು",
	"TEXT_CHARAT_FROM_START": "ಅಕ್ಸರೊನು ದೆತೊನುಲೆ#"
}
